{
 "ours_30000": {
  "SSIM": {
   "00012.png": 0.9525644779205322,
   "00007.png": 0.9213932752609253,
   "00006.png": 0.9133811593055725,
   "00004.png": 0.9480399489402771,
   "00013.png": 0.9231122732162476,
   "00015.png": 0.9103785157203674,
   "00018.png": 0.8504263758659363,
   "00005.png": 0.9262546300888062,
   "00016.png": 0.9409852623939514,
   "00001.png": 0.924094557762146,
   "00020.png": 0.8335776925086975,
   "00010.png": 0.9088502526283264,
   "00014.png": 0.9098168611526489,
   "00017.png": 0.850652277469635,
   "00011.png": 0.9198756814002991,
   "00008.png": 0.9455151557922363,
   "00009.png": 0.9359622001647949,
   "00000.png": 0.9487636089324951,
   "00003.png": 0.9364657402038574,
   "00002.png": 0.9217408299446106,
   "00019.png": 0.8513543605804443
  },
  "PSNR": {
   "00012.png": 30.74132537841797,
   "00007.png": 27.775495529174805,
   "00006.png": 26.96599006652832,
   "00004.png": 29.92588996887207,
   "00013.png": 27.960737228393555,
   "00015.png": 26.8436279296875,
   "00018.png": 23.596403121948242,
   "00005.png": 29.050376892089844,
   "00016.png": 29.800853729248047,
   "00001.png": 27.874467849731445,
   "00020.png": 22.36691665649414,
   "00010.png": 27.718990325927734,
   "00014.png": 27.461339950561523,
   "00017.png": 23.630409240722656,
   "00011.png": 27.42690658569336,
   "00008.png": 29.057971954345703,
   "00009.png": 29.826841354370117,
   "00000.png": 30.224613189697266,
   "00003.png": 29.70102310180664,
   "00002.png": 28.147750854492188,
   "00019.png": 22.181968688964844
  },
  "LPIPS": {
   "00012.png": 0.06918983161449432,
   "00007.png": 0.11642637103796005,
   "00006.png": 0.11601962894201279,
   "00004.png": 0.09913091361522675,
   "00013.png": 0.07922235131263733,
   "00015.png": 0.09103988111019135,
   "00018.png": 0.1360217183828354,
   "00005.png": 0.10661803930997849,
   "00016.png": 0.06934413313865662,
   "00001.png": 0.11918989568948746,
   "00020.png": 0.14379973709583282,
   "00010.png": 0.10365607589483261,
   "00014.png": 0.09483756124973297,
   "00017.png": 0.12681154906749725,
   "00011.png": 0.09187181293964386,
   "00008.png": 0.08968939632177353,
   "00009.png": 0.08271689713001251,
   "00000.png": 0.10926763713359833,
   "00003.png": 0.11714360117912292,
   "00002.png": 0.11586661636829376,
   "00019.png": 0.12253902852535248
  }
 }
}