{
 "ours_30000": {
  "SSIM": 0.9130098223686218,
  "PSNR": 27.537137985229492,
  "LPIPS": 0.10478108376264572
 }
}